open_time,open,high,low,close,vwap,volume,trades
2026-02-21 22:54:00,1975.81,1975.81,1974.46,1974.79,1974.78,0.13986658,3
2026-02-21 22:55:00,1974.49,1974.5,1974.44,1974.5,1974.48,0.08484819,7
2026-02-21 22:56:00,1973.66,1973.76,1973.35,1973.76,1973.73,1.86643713,6
2026-02-21 22:57:00,1973.75,1973.75,1973.07,1973.67,1973.13,51.98136839,15
2026-02-21 22:58:00,1973.5,1974.19,1972.84,1973.19,1973.59,3.92746622,10
2026-02-21 22:59:00,1972.65,1973.38,1972.65,1973.38,1973.06,0.09461578,6
2026-02-21 23:00:00,1973.66,1973.66,1973.0,1973.11,1973.33,0.08398908,9
2026-02-21 23:01:00,1973.19,1974.34,1973.19,1974.34,1973.19,2.44109094,6
2026-02-21 23:02:00,1974.74,1975.31,1974.74,1974.87,1974.84,0.19561273,4
2026-02-21 23:03:00,1974.74,1974.74,1972.34,1972.34,1973.97,0.1238752,6
2026-02-21 23:04:00,1972.33,1972.46,1972.33,1972.43,1972.42,0.04591133,5
2026-02-21 23:05:00,1971.98,1971.98,1971.9,1971.9,1971.91,0.04546889,2
2026-02-21 23:06:00,1971.74,1972.91,1971.74,1972.91,1971.76,17.62582268,14
2026-02-21 23:07:00,1972.67,1972.67,1971.94,1971.94,1972.57,0.19055529,5
2026-02-21 23:08:00,1972.59,1972.97,1972.59,1972.97,1972.94,0.25585008,4
2026-02-21 23:09:00,1973.44,1973.45,1971.57,1971.57,1972.54,3.26666321,9
2026-02-21 23:10:00,1971.4,1971.4,1971.05,1971.4,1971.38,2.68033801,9
2026-02-21 23:11:00,1972.03,1972.48,1972.03,1972.45,1972.09,0.28542889,8
2026-02-21 23:12:00,1972.54,1972.72,1972.54,1972.72,1972.7,0.14846887,5
2026-02-21 23:13:00,1972.71,1972.71,1972.2,1972.69,1972.28,3.54292356,5
2026-02-21 23:14:00,1972.73,1972.73,1972.3,1972.3,1972.42,0.05198981,5
2026-02-21 23:15:00,1972.23,1972.23,1972.22,1972.22,1972.22,0.00634639,2
2026-02-21 23:16:00,1972.23,1972.7,1972.22,1972.7,1972.29,2.91124235,10
2026-02-21 23:17:00,1972.72,1972.85,1972.64,1972.68,1972.67,0.54449916,6
2026-02-21 23:18:00,1972.37,1973.67,1972.37,1973.67,1972.39,3.05051808,10
2026-02-21 23:19:00,1973.66,1974.37,1973.65,1974.33,1974.21,0.73371042,8
2026-02-21 23:20:00,1974.12,1974.69,1974.12,1974.68,1974.13,5.54262816,10
2026-02-21 23:21:00,1974.82,1975.97,1974.82,1975.81,1975.37,0.12884879,11
2026-02-21 23:22:00,1975.8,1975.8,1975.43,1975.6,1975.75,0.31576952,8
2026-02-21 23:23:00,1975.6,1976.41,1975.6,1976.4,1976.31,0.0600025,4
2026-02-21 23:24:00,1976.21,1976.24,1976.01,1976.24,1976.2,1.15417972,7
2026-02-21 23:25:00,1976.0,1976.0,1975.07,1975.07,1975.38,0.01495212,3
2026-02-21 23:26:00,1975.07,1975.07,1975.07,1975.07,1975.07,0.08579449,4
2026-02-21 23:27:00,1975.07,1977.29,1975.07,1977.29,1975.66,3.28754154,7
2026-02-21 23:28:00,1976.96,1976.97,1976.95,1976.95,1976.95,0.03780537,4
2026-02-21 23:29:00,1976.77,1976.77,1976.23,1976.23,1976.53,0.3907708,5
2026-02-21 23:30:00,1976.21,1976.34,1976.17,1976.29,1976.23,0.63657727,10
2026-02-21 23:31:00,1976.18,1976.18,1975.95,1975.95,1976.07,0.75330392,9
2026-02-21 23:32:00,1975.09,1975.09,1975.09,1975.09,1975.09,0.00072943,1
2026-02-21 23:33:00,1975.36,1975.38,1975.36,1975.38,1975.36,0.11844412,4
2026-02-21 23:34:00,1975.3,1975.38,1975.3,1975.38,1975.37,2.04226566,4
2026-02-21 23:35:00,1976.07,1976.21,1976.06,1976.21,1976.07,0.13893026,3
2026-02-21 23:36:00,1976.2,1976.21,1976.2,1976.21,1976.2,2.13837869,9
2026-02-21 23:37:00,1975.99,1976.0,1975.99,1976.0,1975.99,1.3697662,6
2026-02-21 23:38:00,1975.99,1976.0,1975.99,1976.0,1975.99,0.342938,3
2026-02-21 23:39:00,1976.0,1976.38,1975.99,1976.0,1976.2,8.09899678,12
2026-02-21 23:40:00,1975.94,1975.94,1975.93,1975.93,1975.93,0.84793625,7
2026-02-21 23:41:00,1975.94,1975.94,1975.76,1975.76,1975.77,2.38599352,9
2026-02-21 23:42:00,1975.77,1975.77,1975.77,1975.77,1975.77,0.04796866,2
2026-02-21 23:43:00,1975.52,1975.52,1975.52,1975.52,1975.52,0.0985326,1
2026-02-21 23:44:00,1975.51,1975.51,1975.46,1975.46,1975.47,0.0164035,3
2026-02-21 23:45:00,1975.0,1975.0,1974.17,1974.22,1974.99,10.10266987,9
2026-02-21 23:46:00,1974.06,1974.22,1974.06,1974.21,1974.13,6.64876209,9
2026-02-21 23:47:00,1974.22,1975.0,1974.22,1975.0,1974.22,3.54011068,4
2026-02-21 23:48:00,1975.0,1975.0,1973.77,1973.91,1974.33,1.29316336,8
2026-02-21 23:49:00,1973.57,1973.59,1973.35,1973.35,1973.49,0.02879327,4
2026-02-21 23:50:00,1973.34,1973.34,1973.18,1973.18,1973.23,0.7681714,5
2026-02-21 23:51:00,1973.23,1973.26,1973.23,1973.26,1973.23,0.02934905,2
2026-02-21 23:52:00,1973.27,1974.11,1973.27,1973.41,1973.46,5.41205223,11
2026-02-21 23:53:00,1973.0,1973.44,1973.0,1973.43,1973.28,1.51687854,5
2026-02-21 23:54:00,1973.43,1973.6,1973.43,1973.6,1973.59,0.11720295,4
2026-02-21 23:55:00,1973.6,1973.6,1973.59,1973.6,1973.59,0.12734302,3
2026-02-21 23:56:00,1973.6,1973.9,1973.59,1973.74,1973.66,6.19921018,11
2026-02-21 23:57:00,1973.14,1973.33,1973.14,1973.33,1973.17,0.03120881,2
2026-02-21 23:58:00,1973.32,1973.95,1973.32,1973.86,1973.85,10.37746706,10
2026-02-21 23:59:00,1973.75,1973.75,1973.59,1973.59,1973.65,0.04262992,2
2026-02-22 00:00:00,1973.19,1973.19,1972.94,1972.94,1972.95,7.60254485,16
2026-02-22 00:01:00,1972.49,1972.49,1971.84,1971.95,1971.91,6.69582258,8
2026-02-22 00:02:00,1972.28,1974.38,1972.28,1974.38,1973.27,10.53792931,18
2026-02-22 00:03:00,1973.48,1973.48,1973.27,1973.38,1973.33,0.62308496,4
2026-02-22 00:04:00,1973.54,1973.54,1973.45,1973.45,1973.47,0.63717725,4
2026-02-22 00:05:00,1973.51,1973.54,1972.82,1973.42,1972.99,20.50182431,21
2026-02-22 00:06:00,1973.75,1973.75,1973.75,1973.75,1973.75,0.70487931,3
2026-02-22 00:07:00,1973.75,1973.75,1972.3,1972.3,1973.73,2.72183268,7
2026-02-22 00:08:00,1972.2,1973.19,1972.2,1973.19,1973.16,0.15906775,3
2026-02-22 00:09:00,1973.2,1973.75,1973.2,1973.75,1973.26,0.22875694,5
2026-02-22 00:10:00,1973.75,1973.75,1973.75,1973.75,1973.75,0.0095874,2
2026-02-22 00:11:00,1973.75,1974.14,1973.75,1974.14,1973.87,1.88770974,7
2026-02-22 00:12:00,1974.44,1974.44,1974.41,1974.41,1974.43,0.53697117,2
2026-02-22 00:13:00,1974.41,1974.41,1974.4,1974.4,1974.4,0.05458782,3
2026-02-22 00:14:00,1973.79,1973.79,1973.79,1973.79,1973.79,0.00264215,1
2026-02-22 00:15:00,1973.47,1973.47,1973.4,1973.46,1973.43,0.36913476,5
2026-02-22 00:16:00,1973.1,1973.53,1973.1,1973.53,1973.12,1.49001103,6
2026-02-22 00:17:00,1974.11,1974.11,1974.11,1974.11,1974.11,0.00468347,1
2026-02-22 00:18:00,1973.19,1973.19,1972.01,1972.1,1972.03,3.08655942,9
2026-02-22 00:19:00,1972.01,1972.01,1972.0,1972.0,1972.0,13.64982461,8
2026-02-22 00:20:00,1972.01,1972.01,1970.76,1970.77,1971.59,2.2999563,6
2026-02-22 00:21:00,1971.37,1971.4,1968.71,1968.85,1969.84,16.7316596,39
2026-02-22 00:22:00,1968.85,1968.85,1968.68,1968.85,1968.8,2.03101429,6
2026-02-22 00:23:00,1969.19,1969.8,1969.19,1969.65,1969.28,7.16440552,16
2026-02-22 00:24:00,1969.79,1969.79,1969.3,1969.3,1969.59,3.29298749,9
2026-02-22 00:25:00,1969.26,1969.26,1967.66,1967.66,1968.69,15.04356292,18
2026-02-22 00:26:00,1967.79,1968.33,1967.38,1967.82,1967.94,6.91497259,21
2026-02-22 00:27:00,1968.51,1968.51,1968.21,1968.26,1968.24,0.21157095,7
2026-02-22 00:28:00,1968.26,1969.36,1968.26,1969.2,1968.59,8.87349196,8
2026-02-22 00:29:00,1969.37,1969.94,1969.37,1969.94,1969.81,0.21763232,5
2026-02-22 00:30:00,1969.68,1970.15,1969.68,1970.15,1969.86,1.99716556,6
2026-02-22 00:31:00,1970.14,1970.14,1970.09,1970.09,1970.09,0.2320259,3
2026-02-22 00:32:00,1970.09,1970.09,1969.46,1969.92,1969.61,4.2205154,15
2026-02-22 00:33:00,1970.1,1970.1,1969.0,1969.65,1969.33,18.01902096,19
2026-02-22 00:34:00,1970.08,1970.08,1969.94,1969.94,1969.94,0.41658203,2
2026-02-22 00:35:00,1970.15,1970.15,1970.04,1970.05,1970.06,1.375994,3
2026-02-22 00:36:00,1970.05,1970.05,1970.05,1970.05,1970.05,0.00071896,1
2026-02-22 00:37:00,1970.06,1970.06,1970.05,1970.05,1970.05,0.62573483,5
2026-02-22 00:38:00,1969.01,1969.01,1969.0,1969.01,1969.0,0.5381396,6
2026-02-22 00:39:00,1969.01,1969.9,1969.01,1969.9,1969.01,2.76826221,6
2026-02-22 00:40:00,1969.91,1969.91,1969.9,1969.9,1969.9,0.04955466,3
2026-02-22 00:41:00,1969.91,1969.91,1969.9,1969.9,1969.9,0.01290387,2
2026-02-22 00:42:00,1969.9,1969.91,1969.89,1969.89,1969.89,5.57277844,7
2026-02-22 00:43:00,1969.0,1969.07,1969.0,1969.06,1969.01,0.0229503,3
2026-02-22 00:44:00,1969.07,1969.07,1968.45,1968.45,1969.0,1.50506275,7
2026-02-22 00:45:00,1968.54,1968.82,1968.54,1968.82,1968.55,3.21294208,7
2026-02-22 00:46:00,1968.82,1969.47,1968.82,1969.47,1968.83,3.49562416,4
2026-02-22 00:47:00,1969.69,1969.69,1969.25,1969.25,1969.45,0.0263609,3
2026-02-22 00:48:00,1969.51,1969.51,1969.45,1969.45,1969.45,0.08811985,3
2026-02-22 00:49:00,1969.18,1969.45,1969.18,1969.18,1969.27,0.06726237,5
2026-02-22 00:50:00,1969.06,1969.07,1969.06,1969.07,1969.06,0.1125204,4
2026-02-22 00:51:00,1969.07,1969.91,1969.07,1969.91,1969.12,2.1188821,9
2026-02-22 00:52:00,1969.91,1970.38,1969.91,1970.04,1970.18,5.4960591,12
2026-02-22 00:53:00,1970.03,1970.04,1969.63,1969.63,1969.96,1.44679803,7
2026-02-22 00:54:00,1969.07,1969.79,1969.07,1969.78,1969.75,0.12850329,3
2026-02-22 00:55:00,1969.79,1971.02,1969.79,1970.89,1969.84,3.74501879,11
2026-02-22 00:56:00,1970.75,1970.81,1970.75,1970.81,1970.75,0.15310642,2
2026-02-22 00:57:00,1970.91,1971.0,1970.88,1971.0,1970.91,4.45413032,6
2026-02-22 00:58:00,1971.24,1971.24,1971.24,1971.24,1971.24,0.00249899,1
2026-02-22 00:59:00,1971.9,1972.24,1971.81,1971.81,1971.95,3.62090994,9
2026-02-22 01:00:00,1972.11,1972.31,1972.11,1972.31,1972.3,0.24156469,8
2026-02-22 01:01:00,1972.31,1972.8,1972.31,1972.8,1972.47,1.93042316,7
2026-02-22 01:02:00,1973.25,1974.66,1973.25,1974.53,1973.51,1.41405318,6
2026-02-22 01:03:00,1974.07,1974.08,1974.07,1974.08,1974.07,0.36825681,5
2026-02-22 01:04:00,1974.08,1974.08,1973.87,1973.87,1974.04,2.10174908,4
2026-02-22 01:05:00,1973.95,1974.85,1973.95,1974.85,1973.95,1.00042672,4
2026-02-22 01:06:00,1974.6,1975.31,1974.59,1975.31,1975.28,3.46950445,8
2026-02-22 01:07:00,1975.31,1975.31,1974.75,1974.75,1975.3,0.52411731,6
2026-02-22 01:08:00,1974.2,1974.21,1973.98,1973.98,1973.99,1.07485691,3
2026-02-22 01:09:00,1973.91,1973.92,1973.91,1973.92,1973.91,0.1303254,6
2026-02-22 01:10:00,1973.92,1973.92,1973.11,1973.63,1973.69,15.55716733,14
2026-02-22 01:11:00,1973.21,1974.01,1973.2,1973.94,1973.3,1.12354659,14
2026-02-22 01:12:00,1973.95,1973.96,1973.33,1973.33,1973.94,0.66223643,6
2026-02-22 01:13:00,1972.96,1973.69,1972.96,1973.54,1973.06,0.61569761,3
2026-02-22 01:14:00,1973.64,1973.64,1973.11,1973.3,1973.33,0.0835913,5
2026-02-22 01:15:00,1973.35,1973.35,1973.0,1973.0,1973.3,0.12372544,3
2026-02-22 01:16:00,1973.0,1973.0,1972.1,1972.16,1972.29,42.30809546,10
2026-02-22 01:17:00,1972.93,1975.5,1972.8,1975.5,1973.55,36.30709081,26
2026-02-22 01:18:00,1976.01,1977.37,1976.01,1976.32,1976.81,1.40518119,6
2026-02-22 01:19:00,1976.57,1976.57,1975.8,1975.98,1975.99,0.06775465,5
2026-02-22 01:20:00,1975.8,1975.8,1975.52,1975.62,1975.57,5.07664676,11
2026-02-22 01:21:00,1975.41,1975.42,1975.41,1975.42,1975.41,1.03620857,7
2026-02-22 01:22:00,1976.52,1976.52,1976.43,1976.43,1976.47,0.20106061,2
2026-02-22 01:23:00,1976.57,1977.1,1976.57,1976.74,1976.78,5.84209135,11
2026-02-22 01:24:00,1977.17,1977.39,1977.08,1977.39,1977.21,0.35463435,4
2026-02-22 01:25:00,1977.14,1977.14,1977.14,1977.14,1977.14,0.09127,2
2026-02-22 01:26:00,1976.58,1976.59,1976.58,1976.59,1976.58,0.03634337,2
2026-02-22 01:27:00,1976.59,1976.59,1976.59,1976.59,1976.59,0.03644596,3
2026-02-22 01:28:00,1976.58,1976.58,1976.42,1976.42,1976.48,0.02887321,3
2026-02-22 01:29:00,1976.42,1977.01,1976.42,1977.0,1976.56,0.39475696,8
2026-02-22 01:30:00,1977.01,1977.65,1977.01,1977.65,1977.43,1.03806295,5
2026-02-22 01:31:00,1977.65,1978.4,1976.94,1978.34,1977.12,3.54640487,10
2026-02-22 01:32:00,1977.92,1978.36,1977.92,1978.36,1978.1,0.28069337,4
2026-02-22 01:33:00,1978.1,1978.1,1978.1,1978.1,1978.1,0.02527358,1
2026-02-22 01:34:00,1977.53,1977.53,1977.53,1977.53,1977.53,0.0244,2
2026-02-22 01:35:00,1976.84,1976.85,1976.41,1976.41,1976.53,0.33990541,7
2026-02-22 01:36:00,1976.41,1976.41,1976.37,1976.37,1976.37,5.02354739,4
2026-02-22 01:37:00,1976.37,1976.38,1976.37,1976.38,1976.37,0.64591585,4
2026-02-22 01:38:00,1976.97,1976.97,1976.97,1976.97,1976.97,0.06927549,1
2026-02-22 01:39:00,1976.97,1976.97,1976.96,1976.97,1976.96,1.82582931,3
2026-02-22 01:40:00,1976.37,1976.37,1976.37,1976.37,1976.37,0.12196125,3
2026-02-22 01:41:00,1976.37,1976.37,1976.37,1976.37,1976.37,0.65593553,1
2026-02-22 01:42:00,1977.71,1977.73,1977.71,1977.73,1977.72,0.05369181,3
2026-02-22 01:43:00,1977.71,1977.72,1977.71,1977.72,1977.71,0.14906935,2
2026-02-22 01:44:00,1977.72,1977.72,1977.49,1977.49,1977.71,0.59135963,10
2026-02-22 01:45:00,1977.19,1977.19,1977.19,1977.19,1977.19,0.0492217,1
2026-02-22 01:46:00,1977.17,1977.17,1977.16,1977.16,1977.16,0.06414109,3
2026-02-22 01:47:00,1977.17,1978.14,1977.17,1978.14,1977.26,1.18850553,6
2026-02-22 01:48:00,1978.14,1978.14,1978.13,1978.13,1978.13,0.41739948,4
2026-02-22 01:49:00,1978.14,1978.14,1978.14,1978.14,1978.14,0.8562656,1
2026-02-22 01:50:00,1978.65,1978.65,1978.65,1978.65,1978.65,0.001,1
2026-02-22 01:51:00,1978.09,1978.09,1978.08,1978.08,1978.08,0.74954229,7
2026-02-22 01:52:00,1978.09,1978.09,1978.08,1978.08,1978.08,0.29523424,5
2026-02-22 01:53:00,1978.09,1978.09,1976.97,1976.97,1977.88,23.19572788,31
2026-02-22 01:54:00,1977.02,1977.03,1977.0,1977.01,1977.0,4.67940489,4
2026-02-22 01:55:00,1977.0,1977.0,1975.88,1975.88,1976.86,1.81821596,4
2026-02-22 01:56:00,1975.88,1975.88,1975.87,1975.88,1975.87,0.05128875,3
2026-02-22 01:57:00,1975.88,1976.44,1975.88,1976.44,1975.98,0.76213066,8
2026-02-22 01:58:00,1976.44,1976.44,1976.44,1976.44,1976.44,0.0064,1
2026-02-22 01:59:00,1976.44,1976.81,1976.43,1976.81,1976.44,0.41071904,6
2026-02-22 02:00:00,1976.81,1976.81,1976.52,1976.52,1976.77,1.49312924,25
2026-02-22 02:01:00,1976.52,1976.52,1976.51,1976.51,1976.51,0.4316367,9
2026-02-22 02:02:00,1975.78,1975.78,1975.17,1975.3,1975.29,0.39354621,13
2026-02-22 02:03:00,1975.3,1979.61,1975.3,1979.61,1978.7,27.47228606,48
2026-02-22 02:04:00,1979.44,1979.44,1977.69,1977.69,1978.49,0.24085011,7
2026-02-22 02:05:00,1977.94,1978.48,1977.94,1978.48,1978.44,0.0175482,4
2026-02-22 02:06:00,1978.48,1978.48,1978.11,1978.11,1978.33,0.29091622,8
2026-02-22 02:07:00,1977.71,1978.42,1977.71,1978.35,1978.24,1.53659892,6
2026-02-22 02:08:00,1978.35,1980.0,1978.29,1980.0,1979.91,1.57230303,8
2026-02-22 02:09:00,1980.0,1982.0,1980.0,1980.4,1980.27,32.89771448,37
2026-02-22 02:10:00,1980.39,1981.48,1980.39,1980.91,1980.58,3.68382341,7
2026-02-22 02:11:00,1981.16,1981.16,1979.94,1980.48,1980.7,6.89959759,6
2026-02-22 02:12:00,1980.69,1980.71,1980.56,1980.71,1980.58,0.32931314,5
2026-02-22 02:13:00,1980.18,1980.45,1980.18,1980.35,1980.42,5.33117351,4
2026-02-22 02:14:00,1980.18,1980.42,1980.01,1980.42,1980.16,4.95950919,9
2026-02-22 02:15:00,1980.48,1980.48,1980.15,1980.29,1980.27,0.79883283,5
2026-02-22 02:16:00,1979.64,1979.72,1979.51,1979.54,1979.54,17.12277547,6
2026-02-22 02:17:00,1979.43,1979.56,1978.92,1979.12,1979.52,5.01295091,6
2026-02-22 02:18:00,1979.12,1979.12,1979.12,1979.12,1979.12,5.136078,7
2026-02-22 02:19:00,1979.11,1979.11,1977.87,1978.45,1978.44,4.9002295,12
2026-02-22 02:20:00,1978.26,1978.26,1978.01,1978.01,1978.17,0.43449427,5
2026-02-22 02:21:00,1977.7,1977.7,1977.7,1977.7,1977.7,4.8875,1
2026-02-22 02:22:00,1977.77,1977.94,1977.37,1977.37,1977.9,4.94038179,7
2026-02-22 02:23:00,1976.78,1976.94,1976.37,1976.37,1976.86,2.89375211,3
2026-02-22 02:24:00,1976.03,1976.03,1975.51,1975.64,1975.94,1.32278704,8
2026-02-22 02:25:00,1975.77,1976.48,1975.5,1976.43,1975.52,2.37683946,13
2026-02-22 02:26:00,1976.29,1976.38,1976.26,1976.26,1976.3,0.06621284,4
2026-02-22 02:27:00,1976.44,1976.44,1975.89,1975.9,1976.37,2.86893312,7
2026-02-22 02:28:00,1975.85,1975.85,1975.55,1975.56,1975.73,0.49255029,4
2026-02-22 02:29:00,1975.55,1975.55,1974.49,1974.49,1975.2,0.88499141,11
2026-02-22 02:30:00,1974.69,1974.69,1974.68,1974.69,1974.68,0.6323599,4
2026-02-22 02:31:00,1975.33,1975.34,1975.33,1975.34,1975.33,0.21086153,5
2026-02-22 02:32:00,1975.33,1975.33,1974.59,1975.06,1974.85,1.02164468,8
2026-02-22 02:33:00,1974.84,1974.84,1974.62,1974.62,1974.62,0.01419279,2
2026-02-22 02:34:00,1975.62,1975.62,1975.39,1975.42,1975.4,1.67991569,5
2026-02-22 02:35:00,1975.23,1975.27,1973.85,1973.88,1974.47,9.03560471,27
2026-02-22 02:36:00,1973.66,1973.96,1973.66,1973.96,1973.84,1.11257123,9
2026-02-22 02:37:00,1974.05,1974.15,1974.02,1974.02,1974.05,0.06861177,4
2026-02-22 02:38:00,1974.02,1974.02,1973.2,1973.21,1973.53,1.48038468,9
2026-02-22 02:39:00,1973.2,1973.21,1973.2,1973.21,1973.2,0.66684731,7
2026-02-22 02:40:00,1973.2,1973.21,1973.2,1973.21,1973.2,0.14188199,2
2026-02-22 02:41:00,1973.2,1973.21,1973.2,1973.21,1973.2,4.63513704,4
2026-02-22 02:42:00,1973.21,1973.21,1973.2,1973.21,1973.2,0.0682006,4
2026-02-22 02:43:00,1973.21,1973.21,1973.2,1973.2,1973.2,0.0843461,4
2026-02-22 02:44:00,1973.2,1973.21,1973.2,1973.2,1973.2,0.01027958,3
2026-02-22 02:45:00,1973.21,1973.21,1973.2,1973.2,1973.2,0.44860433,6
2026-02-22 02:46:00,1973.21,1974.92,1973.21,1974.44,1974.61,20.08661945,15
2026-02-22 02:47:00,1974.62,1974.63,1974.44,1974.44,1974.46,0.0290295,3
2026-02-22 02:48:00,1974.43,1974.43,1973.21,1973.21,1974.31,0.36497428,6
2026-02-22 02:49:00,1973.21,1973.21,1973.21,1973.21,1973.21,0.06073857,4
2026-02-22 02:50:00,1973.21,1973.21,1973.21,1973.21,0.0,0.0,0
2026-02-22 02:51:00,1973.21,1973.21,1973.2,1973.2,1973.2,0.49508697,5
2026-02-22 02:52:00,1973.2,1973.21,1973.2,1973.21,1973.2,0.67765713,5
2026-02-22 02:53:00,1973.21,1974.19,1973.21,1974.19,1973.95,0.74601356,5
2026-02-22 02:54:00,1974.29,1974.3,1974.17,1974.17,1974.28,0.64492985,3
2026-02-22 02:55:00,1974.17,1974.17,1974.16,1974.17,1974.16,0.11622225,8
2026-02-22 02:56:00,1974.17,1974.17,1974.17,1974.17,1974.17,0.14841661,5
2026-02-22 02:57:00,1974.16,1974.16,1972.22,1972.22,1973.2,22.81609011,14
2026-02-22 02:58:00,1971.77,1972.33,1971.77,1972.07,1972.02,0.64594109,10
2026-02-22 02:59:00,1972.22,1972.23,1971.77,1971.77,1971.9,0.63111865,6
2026-02-22 03:00:00,1971.78,1972.4,1971.77,1972.38,1972.16,2.65477531,12
2026-02-22 03:01:00,1972.38,1972.83,1972.38,1972.83,1972.55,0.1336754,4
2026-02-22 03:02:00,1973.06,1974.04,1973.06,1973.62,1973.62,0.2162672,7
2026-02-22 03:03:00,1973.62,1973.62,1973.62,1973.62,1973.62,0.00150485,1
2026-02-22 03:04:00,1973.61,1973.61,1971.62,1971.62,1972.41,0.31750469,4
2026-02-22 03:05:00,1971.61,1971.94,1971.61,1971.94,1971.67,1.38094811,7
2026-02-22 03:06:00,1971.51,1971.85,1971.5,1971.85,1971.68,9.29650864,8
2026-02-22 03:07:00,1972.19,1972.19,1972.19,1972.19,1972.19,0.20292333,7
2026-02-22 03:08:00,1972.25,1973.45,1972.25,1973.38,1972.6,15.56422739,17
2026-02-22 03:09:00,1973.51,1974.21,1973.51,1974.02,1973.9,7.10525831,10
2026-02-22 03:10:00,1973.96,1973.96,1973.96,1973.96,1973.96,0.11574011,2
2026-02-22 03:11:00,1973.96,1975.31,1973.96,1975.31,1973.97,3.15216003,12
2026-02-22 03:12:00,1975.31,1975.31,1975.31,1975.31,1975.31,0.00259547,1
2026-02-22 03:13:00,1975.05,1975.3,1975.05,1975.05,1975.27,0.5957457,6
2026-02-22 03:14:00,1975.05,1975.05,1975.05,1975.05,1975.05,1.18482753,2
2026-02-22 03:15:00,1975.05,1975.05,1974.47,1974.68,1975.02,0.26785292,6
2026-02-22 03:16:00,1974.86,1974.86,1974.49,1974.49,1974.49,0.41504408,2
2026-02-22 03:17:00,1972.81,1972.81,1972.19,1972.19,1972.47,0.19083692,7
2026-02-22 03:18:00,1972.18,1972.18,1970.0,1970.01,1971.04,1.12586588,10
2026-02-22 03:19:00,1970.03,1970.03,1967.37,1968.04,1968.73,12.1064325,50
2026-02-22 03:20:00,1968.3,1968.3,1967.36,1967.88,1967.81,0.67995027,7
2026-02-22 03:21:00,1968.06,1969.21,1968.06,1969.05,1968.34,4.96626773,10
2026-02-22 03:22:00,1969.04,1970.03,1968.26,1970.03,1968.78,0.10085305,6
2026-02-22 03:23:00,1970.0,1970.0,1969.17,1969.17,1969.22,7.73186283,9
2026-02-22 03:24:00,1969.16,1969.94,1969.16,1969.94,1969.2,1.43924562,5
2026-02-22 03:25:00,1969.71,1969.87,1969.51,1969.76,1969.7,0.67332389,5
2026-02-22 03:26:00,1969.81,1969.81,1969.8,1969.81,1969.8,0.18525208,4
2026-02-22 03:27:00,1969.69,1970.44,1969.69,1970.44,1969.74,0.57231677,3
2026-02-22 03:28:00,1970.3,1970.36,1970.3,1970.36,1970.31,0.01794732,4
2026-02-22 03:29:00,1970.29,1970.3,1970.06,1970.06,1970.22,0.23177913,6
2026-02-22 03:30:00,1970.05,1970.48,1970.05,1970.48,1970.35,1.73781373,4
2026-02-22 03:31:00,1970.55,1970.56,1970.55,1970.55,1970.55,0.08394342,4
2026-02-22 03:32:00,1970.85,1970.85,1970.85,1970.85,1970.85,0.00246908,1
2026-02-22 03:33:00,1971.03,1971.03,1971.02,1971.02,1971.02,1.16390895,2
2026-02-22 03:34:00,1971.14,1973.01,1971.14,1972.64,1972.81,11.88169836,15
2026-02-22 03:35:00,1972.67,1972.67,1972.2,1972.37,1972.4,1.01542032,5
2026-02-22 03:36:00,1971.94,1972.37,1971.94,1972.36,1972.32,0.06086418,5
2026-02-22 03:37:00,1972.37,1972.61,1972.37,1972.37,1972.58,2.35165231,8
2026-02-22 03:38:00,1972.51,1972.51,1972.51,1972.51,1972.51,0.04745629,1
2026-02-22 03:39:00,1972.14,1972.14,1972.14,1972.14,1972.14,0.11567974,1
2026-02-22 03:40:00,1971.66,1972.36,1971.13,1971.13,1971.91,1.01687737,14
2026-02-22 03:41:00,1969.69,1970.14,1969.69,1970.09,1970.07,3.42135635,5
2026-02-22 03:42:00,1970.72,1970.73,1970.72,1970.73,1970.72,0.07008049,2
2026-02-22 03:43:00,1971.73,1971.73,1971.35,1971.35,1971.35,0.06598745,2
2026-02-22 03:44:00,1971.29,1973.14,1971.29,1973.14,1972.36,6.99872906,6
2026-02-22 03:45:00,1972.04,1973.17,1972.04,1973.17,1972.9,0.01285023,2
2026-02-22 03:46:00,1972.66,1972.66,1971.43,1971.83,1972.19,0.47719666,7
2026-02-22 03:47:00,1971.83,1971.83,1971.7,1971.7,1971.71,0.11281411,4
2026-02-22 03:48:00,1971.31,1972.02,1971.31,1972.02,1971.9,3.61011012,7
2026-02-22 03:49:00,1973.42,1973.6,1973.25,1973.25,1973.42,0.10345305,6
2026-02-22 03:50:00,1973.25,1973.25,1973.25,1973.25,0.0,0.0,0
2026-02-22 03:51:00,1973.38,1973.38,1973.38,1973.38,1973.38,0.08299709,4
2026-02-22 03:52:00,1973.38,1973.38,1973.38,1973.38,1973.38,0.00561626,4
2026-02-22 03:53:00,1973.38,1973.38,1973.38,1973.38,1973.38,0.04277809,2
2026-02-22 03:54:00,1973.38,1973.38,1973.38,1973.38,1973.38,0.1354909,2
2026-02-22 03:55:00,1973.37,1973.38,1973.37,1973.38,1973.37,4.68484327,3
2026-02-22 03:56:00,1973.38,1973.54,1973.37,1973.37,1973.37,27.69650343,19
2026-02-22 03:57:00,1973.37,1973.38,1973.37,1973.38,1973.37,10.63461209,11
2026-02-22 03:58:00,1973.37,1973.74,1973.37,1973.74,1973.38,1.38447241,5
2026-02-22 03:59:00,1974.06,1974.34,1974.04,1974.29,1974.32,4.64440912,8
2026-02-22 04:00:00,1974.3,1974.3,1974.29,1974.3,1974.29,0.0512442,7
2026-02-22 04:01:00,1974.3,1974.89,1974.29,1974.68,1974.68,3.56323757,15
2026-02-22 04:02:00,1974.89,1974.89,1974.75,1974.88,1974.87,0.28337283,3
2026-02-22 04:03:00,1975.3,1975.39,1975.3,1975.38,1975.37,0.02548358,4
2026-02-22 04:04:00,1975.39,1975.39,1975.39,1975.39,1975.39,0.04811733,2
2026-02-22 04:05:00,1975.4,1975.4,1975.39,1975.4,1975.39,0.10708225,3
2026-02-22 04:06:00,1975.4,1975.4,1975.39,1975.4,1975.39,0.05476133,7
2026-02-22 04:07:00,1975.39,1975.39,1974.08,1974.08,1975.38,2.95037842,7
2026-02-22 04:08:00,1974.1,1974.25,1974.1,1974.21,1974.19,0.24491442,10
2026-02-22 04:09:00,1974.18,1974.61,1974.18,1974.61,1974.6,2.62089335,13
2026-02-22 04:10:00,1974.07,1974.07,1974.06,1974.07,1974.06,0.06576678,7
2026-02-22 04:11:00,1974.07,1974.07,1974.06,1974.06,1974.06,0.06134268,2
2026-02-22 04:12:00,1974.25,1974.25,1974.25,1974.25,1974.25,0.01000001,2
2026-02-22 04:13:00,1974.47,1974.47,1974.26,1974.47,1974.46,0.41292039,5
2026-02-22 04:14:00,1974.29,1974.32,1974.25,1974.25,1974.25,0.44775321,6
2026-02-22 04:15:00,1974.07,1974.22,1973.37,1973.37,1973.6,6.22999857,10
2026-02-22 04:16:00,1973.37,1973.37,1972.33,1972.33,1973.31,12.41131127,9
2026-02-22 04:17:00,1972.43,1973.14,1972.43,1973.14,1972.45,0.02573757,2
2026-02-22 04:18:00,1973.16,1974.55,1973.16,1974.55,1973.39,0.34339588,7
2026-02-22 04:19:00,1974.55,1974.56,1974.55,1974.56,1974.55,0.07445595,3
2026-02-22 04:20:00,1974.56,1974.56,1974.56,1974.56,1974.56,0.02493314,1
2026-02-22 04:21:00,1974.56,1974.56,1972.29,1972.29,1974.16,1.71901498,9
2026-02-22 04:22:00,1972.28,1972.29,1972.28,1972.29,1972.28,0.01944714,2
2026-02-22 04:23:00,1972.32,1972.46,1972.26,1972.26,1972.27,0.24413751,8
2026-02-22 04:24:00,1972.27,1972.27,1971.52,1971.52,1972.09,0.13469725,7
2026-02-22 04:25:00,1971.97,1972.42,1971.82,1971.82,1971.93,0.85429724,9
2026-02-22 04:26:00,1970.69,1970.8,1970.69,1970.8,1970.79,0.11463119,3
2026-02-22 04:27:00,1971.42,1971.58,1971.35,1971.36,1971.39,3.63648198,6
2026-02-22 04:28:00,1971.58,1971.58,1971.55,1971.58,1971.57,0.14591216,5
2026-02-22 04:29:00,1971.88,1971.89,1971.76,1971.76,1971.88,0.27951613,3
2026-02-22 04:30:00,1971.77,1972.93,1971.77,1972.93,1972.62,3.88489604,7
2026-02-22 04:31:00,1972.47,1972.67,1972.36,1972.66,1972.46,0.15423552,5
2026-02-22 04:32:00,1972.66,1972.66,1972.48,1972.49,1972.6,1.63815224,7
2026-02-22 04:33:00,1972.49,1972.49,1972.49,1972.49,0.0,0.0,0
2026-02-22 04:34:00,1972.4,1972.4,1972.16,1972.16,1972.25,0.12464161,2
2026-02-22 04:35:00,1972.34,1972.4,1972.34,1972.39,1972.39,0.48892538,4
2026-02-22 04:36:00,1972.4,1972.4,1972.4,1972.4,1972.4,0.0136482,1
2026-02-22 04:37:00,1972.89,1973.92,1972.89,1973.92,1973.05,6.88125459,12
2026-02-22 04:38:00,1973.34,1973.34,1973.04,1973.04,1973.06,0.16794829,3
2026-02-22 04:39:00,1973.03,1973.04,1972.16,1972.16,1972.79,3.04302359,9
2026-02-22 04:40:00,1971.98,1971.99,1971.98,1971.98,1971.98,1.0253431,8
2026-02-22 04:41:00,1971.22,1971.34,1971.22,1971.34,1971.31,0.16296036,5
2026-02-22 04:42:00,1971.34,1971.34,1970.88,1971.01,1971.02,52.23927998,13
2026-02-22 04:43:00,1970.69,1970.8,1970.69,1970.8,1970.75,0.03775179,2
2026-02-22 04:44:00,1971.09,1971.09,1971.09,1971.09,1971.09,0.00610506,1
2026-02-22 04:45:00,1971.48,1971.48,1971.47,1971.47,1971.47,0.00746668,3
2026-02-22 04:46:00,1971.9,1971.9,1971.9,1971.9,1971.9,0.1186358,1
2026-02-22 04:47:00,1971.9,1971.9,1971.9,1971.9,1971.9,11.31434438,9
2026-02-22 04:48:00,1972.22,1972.22,1972.11,1972.2,1972.14,0.01427446,3
2026-02-22 04:49:00,1972.21,1972.64,1972.2,1972.64,1972.22,1.56342115,4
2026-02-22 04:50:00,1972.66,1973.08,1972.66,1973.08,1972.73,0.05081731,4
2026-02-22 04:51:00,1973.09,1973.09,1973.08,1973.08,1973.08,0.04935869,2
2026-02-22 04:52:00,1973.09,1973.09,1973.09,1973.09,1973.09,0.31882637,3
2026-02-22 04:53:00,1973.08,1973.08,1973.08,1973.08,1973.08,0.00597789,1
2026-02-22 04:54:00,1973.56,1973.65,1973.56,1973.56,1973.56,0.01153403,3
2026-02-22 04:55:00,1973.64,1973.68,1973.64,1973.68,1973.64,0.97850986,5
2026-02-22 04:56:00,1973.68,1973.68,1973.68,1973.68,1973.68,0.1235052,1
2026-02-22 04:57:00,1973.67,1973.67,1973.47,1973.47,1973.66,1.30330964,3
2026-02-22 04:58:00,1973.08,1973.08,1973.07,1973.07,1973.07,4.8053671,3
2026-02-22 04:59:00,1972.97,1972.97,1972.97,1972.97,1972.97,0.01022396,1
2026-02-22 05:00:00,1973.04,1974.18,1973.04,1974.0,1973.32,3.21699519,14
2026-02-22 05:01:00,1974.15,1974.22,1974.15,1974.22,1974.21,2.04720411,5
2026-02-22 05:02:00,1974.2,1974.2,1973.28,1973.28,1974.12,0.93615623,4
2026-02-22 05:03:00,1973.29,1973.29,1973.29,1973.29,1973.29,0.02357867,2
2026-02-22 05:04:00,1973.28,1973.64,1973.28,1973.64,1973.33,0.02976481,4
2026-02-22 05:05:00,1973.28,1973.37,1973.28,1973.37,1973.28,0.11389176,3
2026-02-22 05:06:00,1973.37,1973.37,1973.37,1973.37,1973.37,0.00644951,1
2026-02-22 05:07:00,1973.75,1973.75,1973.57,1973.57,1973.69,0.34810718,2
2026-02-22 05:08:00,1973.57,1973.57,1973.56,1973.57,1973.56,1.04750675,6
2026-02-22 05:09:00,1973.57,1973.57,1972.48,1972.48,1973.52,0.59091805,5
2026-02-22 05:10:00,1972.74,1972.89,1972.74,1972.89,1972.75,0.05982371,3
2026-02-22 05:11:00,1972.76,1972.76,1971.89,1971.89,1972.33,3.1000261,14
2026-02-22 05:12:00,1971.53,1971.54,1971.53,1971.54,1971.53,0.14575879,3
2026-02-22 05:13:00,1971.54,1971.54,1971.53,1971.53,1971.53,0.00310048,3
2026-02-22 05:14:00,1971.21,1971.21,1971.21,1971.21,1971.21,0.05708286,2
2026-02-22 05:15:00,1971.2,1971.76,1971.2,1971.76,1971.73,2.09195147,6
2026-02-22 05:16:00,1971.76,1971.76,1971.76,1971.76,1971.76,0.00629217,1
2026-02-22 05:17:00,1971.76,1971.76,1971.56,1971.75,1971.74,1.13365854,7
2026-02-22 05:18:00,1971.75,1971.75,1971.75,1971.75,1971.75,0.035468,1
2026-02-22 05:19:00,1972.12,1972.18,1972.12,1972.18,1972.17,1.11731135,2
2026-02-22 05:20:00,1972.08,1972.11,1972.08,1972.11,1972.09,0.05078539,3
2026-02-22 05:21:00,1972.1,1972.1,1972.1,1972.1,1972.1,0.01873335,1
2026-02-22 05:22:00,1972.1,1972.1,1972.1,1972.1,0.0,0.0,0
2026-02-22 05:23:00,1973.0,1973.0,1973.0,1973.0,1973.0,0.01038604,3
2026-02-22 05:24:00,1973.0,1973.0,1973.0,1973.0,0.0,0.0,0
2026-02-22 05:25:00,1973.0,1974.06,1973.0,1974.06,1973.12,3.43707613,9
2026-02-22 05:26:00,1973.55,1973.55,1973.08,1973.08,1973.51,1.12033836,4
2026-02-22 05:27:00,1973.08,1973.08,1973.08,1973.08,1973.08,0.013861,1
2026-02-22 05:28:00,1973.08,1973.08,1973.08,1973.08,0.0,0.0,0
2026-02-22 05:29:00,1973.08,1973.08,1973.08,1973.08,0.0,0.0,0
2026-02-22 05:30:00,1973.08,1973.48,1973.08,1973.48,1973.36,0.01705177,3
2026-02-22 05:31:00,1973.29,1973.29,1972.76,1972.76,1972.97,3.42085732,10
2026-02-22 05:32:00,1973.0,1973.0,1972.99,1972.99,1972.99,0.10286451,3
2026-02-22 05:33:00,1972.99,1972.99,1972.99,1972.99,0.0,0.0,0
2026-02-22 05:34:00,1972.41,1972.41,1972.27,1972.27,1972.39,0.38000847,6
2026-02-22 05:35:00,1972.27,1972.27,1972.27,1972.27,0.0,0.0,0
2026-02-22 05:36:00,1972.27,1972.27,1972.27,1972.27,0.0,0.0,0
2026-02-22 05:37:00,1972.29,1972.29,1972.29,1972.29,1972.29,2.45320091,10
2026-02-22 05:38:00,1972.29,1972.29,1972.29,1972.29,1972.29,0.06112328,3
2026-02-22 05:39:00,1972.29,1972.29,1972.28,1972.28,1972.28,0.30638526,4
2026-02-22 05:40:00,1972.29,1972.29,1972.29,1972.29,1972.29,0.12457613,1
2026-02-22 05:41:00,1972.28,1972.28,1972.28,1972.28,1972.28,0.00549443,1
2026-02-22 05:42:00,1972.29,1972.78,1972.28,1972.78,1972.53,4.76184461,6
2026-02-22 05:43:00,1972.6,1972.85,1972.6,1972.85,1972.81,0.05811354,4
2026-02-22 05:44:00,1973.02,1973.03,1973.02,1973.03,1973.02,0.0233804,2
2026-02-22 05:45:00,1972.88,1972.88,1972.88,1972.88,1972.88,0.02534366,1
2026-02-22 05:46:00,1972.88,1972.88,1972.88,1972.88,1972.88,0.1745469,1
2026-02-22 05:47:00,1972.87,1972.87,1972.29,1972.29,1972.83,0.99762903,6
2026-02-22 05:48:00,1972.29,1972.29,1971.75,1971.75,1972.11,0.80222544,7
2026-02-22 05:49:00,1971.78,1972.38,1971.78,1972.38,1971.82,0.02923514,2
2026-02-22 05:50:00,1972.38,1972.38,1972.38,1972.38,0.0,0.0,0
2026-02-22 05:51:00,1972.37,1972.37,1972.12,1972.36,1972.35,0.71889227,8
2026-02-22 05:52:00,1972.92,1972.92,1972.92,1972.92,1972.92,0.00210614,2
2026-02-22 05:53:00,1973.08,1973.08,1973.08,1973.08,1973.08,1.00108265,2
2026-02-22 05:54:00,1972.55,1972.92,1972.55,1972.92,1972.66,0.06559324,4
2026-02-22 05:55:00,1972.62,1972.63,1972.62,1972.63,1972.62,0.09947775,4
2026-02-22 05:56:00,1972.62,1972.63,1972.62,1972.62,1972.62,0.0327291,3
2026-02-22 05:57:00,1972.63,1973.27,1972.63,1973.27,1973.15,0.36990678,6
2026-02-22 05:58:00,1973.79,1974.12,1973.75,1974.12,1973.82,0.05409049,3
2026-02-22 05:59:00,1974.24,1974.24,1974.24,1974.24,1974.24,0.00678937,1
2026-02-22 06:00:00,1974.39,1974.39,1974.38,1974.39,1974.38,0.11151751,11
2026-02-22 06:01:00,1974.38,1974.89,1973.94,1974.89,1974.62,4.10771447,9
2026-02-22 06:02:00,1974.89,1974.89,1974.89,1974.89,1974.89,0.02336882,2
2026-02-22 06:03:00,1974.89,1974.89,1974.89,1974.89,1974.89,0.14345558,2
2026-02-22 06:04:00,1974.89,1975.5,1974.88,1975.5,1974.99,5.82485557,13
2026-02-22 06:05:00,1975.5,1976.1,1975.5,1976.1,1975.54,0.32526518,3
2026-02-22 06:06:00,1976.1,1976.1,1976.1,1976.1,1976.1,0.03015182,2
2026-02-22 06:07:00,1976.09,1976.09,1975.36,1975.81,1975.58,3.65346024,7
2026-02-22 06:08:00,1975.81,1975.81,1975.81,1975.81,0.0,0.0,0
2026-02-22 06:09:00,1975.68,1975.69,1975.68,1975.68,1975.68,0.68594508,6
2026-02-22 06:10:00,1975.63,1975.63,1975.32,1975.32,1975.59,1.15244521,3
2026-02-22 06:11:00,1974.77,1974.77,1974.76,1974.76,1974.76,3.46435751,3
2026-02-22 06:12:00,1974.32,1974.32,1973.88,1974.0,1974.28,18.49878728,8
2026-02-22 06:13:00,1974.0,1974.0,1973.99,1974.0,1973.99,0.24973716,5
2026-02-22 06:14:00,1975.11,1975.11,1975.1,1975.1,1975.1,0.02027884,2
2026-02-22 06:15:00,1975.1,1975.74,1975.1,1975.4,1975.46,2.94200024,8
2026-02-22 06:16:00,1974.84,1974.84,1974.77,1974.77,1974.83,0.3717567,2
2026-02-22 06:17:00,1974.61,1974.66,1974.61,1974.66,1974.63,0.08820369,2
2026-02-22 06:18:00,1974.66,1974.66,1974.66,1974.66,1974.66,0.75409051,3
2026-02-22 06:19:00,1974.66,1975.17,1974.66,1975.16,1974.66,15.68188342,4
2026-02-22 06:20:00,1975.17,1975.17,1975.17,1975.17,1975.17,0.00164036,1
2026-02-22 06:21:00,1975.16,1975.16,1975.16,1975.16,1975.16,1.05604559,3
2026-02-22 06:22:00,1974.44,1974.44,1974.44,1974.44,1974.44,0.00121258,1
2026-02-22 06:23:00,1974.47,1974.87,1974.47,1974.87,1974.47,0.02665808,2
2026-02-22 06:24:00,1974.42,1974.51,1974.23,1974.23,1974.27,10.04845948,12
2026-02-22 06:25:00,1974.3,1975.11,1974.3,1975.11,1974.71,0.47710445,3
2026-02-22 06:26:00,1974.9,1974.9,1974.9,1974.9,1974.9,0.12215149,6
2026-02-22 06:27:00,1974.9,1977.46,1974.9,1977.0,1975.74,81.15343034,47
2026-02-22 06:28:00,1977.0,1977.0,1976.99,1977.0,1976.99,0.15933452,3
2026-02-22 06:29:00,1976.99,1976.99,1976.99,1976.99,1976.99,2.32899555,3
2026-02-22 06:30:00,1976.84,1976.84,1976.51,1976.51,1976.77,3.35256544,10
2026-02-22 06:31:00,1976.33,1976.33,1975.83,1975.83,1976.04,0.44840205,2
2026-02-22 06:32:00,1975.83,1975.83,1975.83,1975.83,1975.83,0.04513987,1
2026-02-22 06:33:00,1977.5,1977.79,1977.13,1977.79,1977.49,2.68090131,6
2026-02-22 06:34:00,1978.39,1978.64,1977.82,1977.82,1978.06,1.71059401,6
2026-02-22 06:35:00,1977.65,1977.65,1976.74,1976.74,1976.98,22.97052183,8
2026-02-22 06:36:00,1976.72,1976.74,1976.72,1976.73,1976.72,4.89299701,3
2026-02-22 06:37:00,1976.74,1976.74,1976.74,1976.74,1976.74,0.25853502,1
2026-02-22 06:38:00,1977.25,1977.35,1976.75,1976.75,1977.07,65.32644424,19
2026-02-22 06:39:00,1976.31,1976.31,1976.05,1976.26,1976.19,9.25112861,11
2026-02-22 06:40:00,1976.25,1976.29,1976.25,1976.29,1976.26,0.09818051,3
2026-02-22 06:41:00,1976.3,1976.69,1975.79,1975.79,1976.36,6.27606987,10
2026-02-22 06:42:00,1975.79,1975.79,1975.79,1975.79,1975.79,4.895,3
2026-02-22 06:43:00,1975.79,1975.79,1975.79,1975.79,1975.79,4.97137512,5
2026-02-22 06:44:00,1975.79,1975.79,1975.79,1975.79,1975.79,0.1147713,2
2026-02-22 06:45:00,1975.79,1976.38,1975.79,1976.38,1975.97,4.86394862,3
2026-02-22 06:46:00,1976.37,1976.37,1976.37,1976.37,1976.37,0.93851377,3
2026-02-22 06:47:00,1975.79,1975.79,1975.78,1975.78,1975.78,5.89463693,5
2026-02-22 06:48:00,1975.38,1975.39,1975.38,1975.39,1975.38,0.12885982,3
2026-02-22 06:49:00,1975.38,1975.38,1975.07,1975.11,1975.35,0.48142318,4
2026-02-22 06:50:00,1975.11,1975.11,1975.11,1975.11,0.0,0.0,0
2026-02-22 06:51:00,1975.12,1975.12,1975.11,1975.11,1975.11,0.01721633,2
2026-02-22 06:52:00,1975.12,1975.12,1975.12,1975.12,1975.12,0.11840162,1
2026-02-22 06:53:00,1975.56,1975.56,1975.56,1975.56,1975.56,0.00606661,1
2026-02-22 06:54:00,1975.32,1975.32,1975.31,1975.31,1975.31,1.14732931,6
2026-02-22 06:55:00,1975.21,1975.25,1975.21,1975.25,1975.24,0.09871237,5
2026-02-22 06:56:00,1975.25,1975.26,1975.25,1975.26,1975.25,0.12608986,2
2026-02-22 06:57:00,1975.57,1975.57,1975.57,1975.57,1975.57,0.08068332,1
2026-02-22 06:58:00,1975.55,1975.55,1975.55,1975.55,1975.55,0.7841054,3
2026-02-22 06:59:00,1975.54,1975.54,1975.54,1975.54,1975.54,0.02502685,3
2026-02-22 07:00:00,1975.55,1975.55,1975.15,1975.15,1975.53,2.99737511,14
2026-02-22 07:01:00,1975.19,1976.05,1975.19,1976.05,1975.24,5.28765104,5
2026-02-22 07:02:00,1976.06,1976.47,1976.06,1976.32,1976.45,4.95373197,9
2026-02-22 07:03:00,1976.2,1976.2,1975.51,1975.51,1975.64,0.06588962,5
2026-02-22 07:04:00,1975.65,1975.92,1975.62,1975.62,1975.89,0.05581787,3
2026-02-22 07:05:00,1975.72,1975.72,1975.71,1975.71,1975.71,1.04790515,8
2026-02-22 07:06:00,1975.21,1975.21,1975.17,1975.17,1975.2,0.1996069,2
2026-02-22 07:07:00,1975.18,1975.18,1975.18,1975.18,1975.18,0.02258222,2
2026-02-22 07:08:00,1975.18,1975.18,1975.18,1975.18,1975.18,0.00411551,1
2026-02-22 07:09:00,1975.18,1975.37,1975.17,1975.37,1975.18,0.32168965,3
2026-02-22 07:10:00,1975.38,1976.5,1975.38,1976.5,1975.38,3.02214138,10
2026-02-22 07:11:00,1976.59,1976.59,1976.48,1976.48,1976.54,0.00272395,4
2026-02-22 07:12:00,1976.48,1976.48,1976.48,1976.48,1976.48,0.02259665,2
2026-02-22 07:13:00,1976.47,1976.47,1976.47,1976.47,1976.47,0.00294302,1
