time,price,qty,side
2026-02-22 06:31:37.280544043,68091.8,0.00033688,sell
2026-02-22 06:31:38.576296091,68091.8,0.0001509,sell
2026-02-22 06:31:49.250858307,68091.8,0.00301909,sell
2026-02-22 06:31:49.250858307,68091.8,0.01207083,sell
2026-02-22 06:32:07.772112846,68091.9,0.00061364,buy
2026-02-22 06:32:07.772112846,68091.9,0.00011701,buy
2026-02-22 06:32:38.767839193,68091.9,0.00100187,buy
2026-02-22 06:32:39.099286079,68091.8,0.00313734,sell
2026-02-22 06:32:39.099286079,68091.8,0.00367152,sell
2026-02-22 06:32:57.011019945,68089.8,0.0003642,sell
2026-02-22 06:33:00.521010637,68089.9,0.00367167,buy
2026-02-22 06:33:00.521010637,68089.9,0.001,buy
2026-02-22 06:33:00.521010637,68089.9,0.001,buy
2026-02-22 06:33:00.521010637,68089.9,0.37111726,buy
2026-02-22 06:33:00.558300972,68089.9,0.00304179,buy
2026-02-22 06:33:00.558300972,68089.9,0.00188902,buy
2026-02-22 06:33:00.558300972,68089.9,0.00367162,buy
2026-02-22 06:33:17.828881025,68094.6,0.00088534,sell
2026-02-22 06:33:17.865744591,68094.6,0.00018263,sell
2026-02-22 06:33:18.568440437,68094.7,0.00367136,buy
2026-02-22 06:33:18.568440437,68094.7,0.001,buy
2026-02-22 06:33:18.568440437,68094.7,0.001,buy
2026-02-22 06:33:18.568440437,68095.5,0.01468017,buy
2026-02-22 06:33:18.568440437,68098.1,5.1e-05,buy
2026-02-22 06:33:21.269015551,68100.0,0.002797,buy
2026-02-22 06:33:21.269015551,68100.0,0.00367108,buy
2026-02-22 06:33:21.269015551,68100.0,0.001,buy
2026-02-22 06:33:21.269015551,68100.0,0.001,buy
2026-02-22 06:33:21.269015551,68100.5,0.49084109,buy
2026-02-22 06:33:29.054367304,68104.9,0.00367081,buy
2026-02-22 06:33:29.054367304,68104.9,0.001,buy
2026-02-22 06:33:29.054367304,68104.9,0.001,buy
2026-02-22 06:33:29.054367304,68107.0,0.1235688,buy
2026-02-22 06:33:29.054367542,68107.0,0.00761923,buy
2026-02-22 06:33:34.665738106,68107.0,0.0036707,buy
2026-02-22 06:33:34.665738344,68107.0,0.001,buy
2026-02-22 06:33:34.665738344,68107.0,0.001,buy
2026-02-22 06:33:34.665738344,68108.3,5.1e-05,buy
2026-02-22 06:33:34.665738344,68108.4,0.0332,buy
2026-02-22 06:33:34.682263851,68117.0,0.00014723,sell
2026-02-22 06:33:35.114855528,68117.1,0.00014711,buy
2026-02-22 06:33:35.114855528,68117.1,0.00033961,buy
2026-02-22 06:33:39.465303898,68117.1,0.00333069,buy
2026-02-22 06:33:39.465303898,68117.1,0.733956,buy
2026-02-22 06:33:39.465303898,68117.1,0.733961,buy
2026-02-22 06:33:39.465303898,68117.1,0.001,buy
2026-02-22 06:33:39.465303898,68117.1,0.00075231,buy
2026-02-22 06:33:43.065674305,68117.1,0.00024769,buy
2026-02-22 06:33:43.065674305,68117.1,0.00258737,buy
2026-02-22 06:33:43.065674305,68117.1,0.00866823,buy
2026-02-22 06:33:46.763139963,68117.1,0.00062866,buy
2026-02-22 06:33:48.623559952,68117.0,0.00014636,sell
2026-02-22 06:33:56.731736422,68117.1,0.00129369,buy
2026-02-22 06:33:56.731736422,68117.1,0.001,buy
2026-02-22 06:33:56.731736422,68117.3,0.733904,buy
2026-02-22 06:33:56.731736422,68117.3,0.29358081,buy
2026-02-22 06:33:59.034522057,68118.4,0.00107,sell
2026-02-22 06:33:59.855337620,68118.4,0.00071116,sell
2026-02-22 06:34:03.552942038,68118.5,0.00072002,buy
2026-02-22 06:34:03.552942038,68118.5,0.001,buy
2026-02-22 06:34:03.552942038,68118.5,0.001,buy
2026-02-22 06:34:03.557331562,68120.0,0.002796,buy
2026-02-22 06:34:03.561988115,68121.9,5.1e-05,buy
2026-02-22 06:34:06.945878983,68125.4,0.00036001,buy
2026-02-22 06:34:06.945878983,68125.4,0.001,buy
2026-02-22 06:34:06.945878983,68125.4,0.001,buy
2026-02-22 06:34:07.151856422,68133.4,0.003416,buy
2026-02-22 06:34:18.558237314,68133.3,0.00125817,sell
2026-02-22 06:34:19.778347492,68133.3,0.00018186,sell
2026-02-22 06:34:26.995329857,68133.4,0.00018001,buy
2026-02-22 06:34:26.995329857,68133.4,0.00025384,buy
2026-02-22 06:34:35.036982536,68133.4,0.00035973,buy
2026-02-22 06:34:35.879332304,68133.4,0.001,buy
2026-02-22 06:34:35.879332304,68133.4,0.001,buy
2026-02-22 06:34:35.879332304,68133.4,0.01205346,buy
2026-02-22 06:34:51.972035646,68133.3,0.00019016,sell
2026-02-22 06:34:59.397701502,68133.4,0.00144602,buy
2026-02-22 06:35:02.822817564,68133.4,0.00036509,buy
2026-02-22 06:35:03.784075260,68133.3,0.00296856,sell
2026-02-22 06:35:03.784075260,68133.3,0.02951113,sell
2026-02-22 06:35:03.908617973,68119.8,0.01428427,buy
2026-02-22 06:35:04.467134476,68119.8,0.00215853,buy
2026-02-22 06:35:23.234941721,68119.7,0.00367001,sell
2026-02-22 06:35:23.234941721,68119.7,0.00036279,sell
2026-02-22 06:35:25.402168036,68100.4,0.00070592,buy
2026-02-22 06:35:26.550938368,68100.3,0.00367106,sell
2026-02-22 06:35:26.550938368,68100.0,0.002797,sell
2026-02-22 06:35:49.915889025,68080.5,0.00116212,sell
2026-02-22 06:36:06.873550653,68080.6,0.00367214,buy
2026-02-22 06:36:06.873550653,68080.6,0.001,buy
2026-02-22 06:36:06.873550653,68080.6,0.001,buy
2026-02-22 06:36:06.873550653,68080.6,0.00897361,buy
2026-02-22 06:36:06.873550653,68080.6,0.03549755,buy
2026-02-22 06:36:39.918347359,68080.5,0.00251001,sell
2026-02-22 06:36:39.918347359,68080.5,0.00514,sell
2026-02-22 06:36:39.918347597,68080.5,0.00034153,sell
2026-02-22 06:36:39.918347597,68080.0,0.002798,sell
2026-02-22 06:37:12.037374020,68067.8,0.00026182,buy
2026-02-22 06:37:32.146954775,68067.8,0.00014683,buy
2026-02-22 06:37:40.652394056,68067.7,0.0015507,sell
2026-02-22 06:38:01.196742296,68067.8,0.00113464,buy
2026-02-22 06:38:19.135374308,68067.8,0.00134511,buy
2026-02-22 06:38:26.262143373,68067.7,0.001,sell
2026-02-22 06:38:29.895587206,68067.8,0.00017557,buy
2026-02-22 06:38:56.031990051,68067.8,0.00020393,buy
2026-02-22 06:38:59.782407522,68067.7,0.00112212,sell
2026-02-22 06:38:59.782407522,68067.7,0.00042643,sell
2026-02-22 06:38:59.782407522,68067.5,5.1e-05,sell
2026-02-22 06:39:07.318626165,68060.0,0.00016359,sell
2026-02-22 06:39:22.693709135,68060.0,0.00282241,sell
2026-02-22 06:39:22.693709135,68060.0,0.00367323,sell
2026-02-22 06:39:22.693709135,68057.3,5.1e-05,sell
2026-02-22 06:39:42.922664881,68040.2,4.281e-05,buy
2026-02-22 06:39:52.348816633,68040.2,0.0036315,buy
2026-02-22 06:39:52.348816633,68040.2,0.881629,buy
2026-02-22 06:39:52.348816633,68040.2,0.10427664,buy
2026-02-22 06:39:52.348816633,68040.2,0.01046286,buy
2026-02-22 06:40:03.576490164,68040.2,0.00016334,buy
2026-02-22 06:40:18.999407291,68040.2,2.497e-05,buy
2026-02-22 06:40:20.034846783,68040.2,0.00043655,buy
2026-02-22 06:40:24.087728739,68040.2,0.001239,buy
2026-02-22 06:40:48.429424286,68040.2,8.277e-05,buy
2026-02-22 06:41:29.177038908,68040.2,0.0001448,buy
2026-02-22 06:41:45.743493795,68040.1,0.0002363,sell
2026-02-22 06:42:04.372055531,68040.2,0.00296665,buy
2026-02-22 06:42:06.886467218,68040.2,0.00044431,buy
2026-02-22 06:42:07.775092125,68040.2,0.00085334,buy
2026-02-22 06:42:13.435466528,68040.2,0.00016322,buy
2026-02-22 06:42:20.742143154,68040.1,0.00010468,sell
2026-02-22 06:42:27.616716623,68040.2,0.00720451,buy
2026-02-22 06:42:53.349979401,68040.2,0.00036379,buy
2026-02-22 06:43:09.482344627,68040.1,0.00031216,sell
2026-02-22 06:43:23.317109346,68040.2,0.001,buy
2026-02-22 06:43:23.317109346,68040.2,0.001,buy
2026-02-22 06:43:23.317109346,68040.2,0.00367431,buy
2026-02-22 06:43:23.317109346,68040.2,0.05492023,buy
2026-02-22 06:43:23.317109346,68043.6,5.1e-05,buy
2026-02-22 06:43:23.317109346,68046.8,0.00818788,buy
2026-02-22 06:43:42.611468792,68046.5,7.303e-05,buy
2026-02-22 06:43:50.157173634,68046.5,0.00190309,buy
2026-02-22 06:43:55.039952278,68046.5,0.00014623,buy
2026-02-22 06:44:06.752421618,68046.5,0.00058491,buy
2026-02-22 06:44:08.192061901,68046.4,0.00043489,sell
2026-02-22 06:44:13.091811180,68046.5,0.0009667,buy
2026-02-22 06:44:13.091811180,68046.5,0.001,buy
2026-02-22 06:44:13.091811180,68046.5,0.001,buy
2026-02-22 06:44:13.091811180,68046.5,0.1170333,buy
2026-02-22 06:44:30.906375408,68046.4,0.00105217,sell
2026-02-22 06:44:30.953811407,68046.5,0.00484525,buy
2026-02-22 06:44:49.762742519,68046.5,0.00027442,buy
2026-02-22 06:44:49.849584103,68046.5,0.00155986,buy
2026-02-22 06:45:11.238610744,68046.4,0.00042041,sell
2026-02-22 06:45:12.171179771,68046.4,0.00084801,sell
2026-02-22 06:45:14.620127678,68046.5,0.00367396,buy
2026-02-22 06:45:14.620127678,68046.5,0.001,buy
2026-02-22 06:45:14.620127678,68046.5,0.001,buy
2026-02-22 06:45:14.620127678,68046.5,0.02374537,buy
2026-02-22 06:45:24.036211252,68046.5,7.275e-05,buy
2026-02-22 06:45:24.497887373,68046.5,0.00144077,buy
2026-02-22 06:45:30.387090683,68046.5,0.002,buy
2026-02-22 06:45:37.664497375,68046.5,0.00213052,buy
2026-02-22 06:45:37.664497375,68046.5,0.00336896,buy
2026-02-22 06:45:37.664497375,68046.5,0.00034753,buy
2026-02-22 06:45:41.063574553,68046.5,0.00029101,buy
2026-02-22 06:45:47.985424519,68046.5,0.00036146,buy
2026-02-22 06:45:47.985424519,68046.5,0.001,buy
2026-02-22 06:45:47.985424519,68046.5,0.00168448,buy
2026-02-22 06:45:47.985424757,68047.0,5.1e-05,buy
2026-02-22 06:45:47.985424757,68050.4,5.1e-05,buy
2026-02-22 06:45:47.985424757,68053.8,5.1e-05,buy
2026-02-22 06:45:52.487421513,68055.8,0.00166863,buy
2026-02-22 06:46:35.026262760,68055.7,0.00145,sell
2026-02-22 06:46:59.451720476,68055.8,0.00042075,buy
2026-02-22 06:47:02.175146341,68055.7,0.00026485,sell
2026-02-22 06:47:02.175146341,68055.7,0.00193806,sell
2026-02-22 06:47:06.932385445,68055.8,4.46e-05,buy
2026-02-22 06:47:08.473420382,68055.8,0.00178757,buy
2026-02-22 06:47:09.673405647,68055.8,0.00314612,buy
2026-02-22 06:47:20.263747691,68055.7,5.091e-05,sell
2026-02-22 06:47:22.402559519,68055.8,4.332e-05,buy
2026-02-22 06:47:28.557621479,68055.8,2.43e-05,buy
2026-02-22 06:47:36.215504646,68055.8,5.848e-05,buy
2026-02-22 06:47:56.626280546,68055.8,0.05104813,buy
2026-02-22 06:47:58.593535423,68055.8,7.064e-05,buy
2026-02-22 06:48:04.851942539,68055.8,0.00220407,buy
2026-02-22 06:48:10.831559658,68055.8,2.742e-05,buy
2026-02-22 06:48:11.208317757,68055.7,0.00016404,sell
2026-02-22 06:48:32.529674053,68055.7,0.000124,sell
2026-02-22 06:48:33.626421690,68055.7,5.1e-05,sell
2026-02-22 06:48:40.025891542,68055.8,0.00022,buy
2026-02-22 06:48:51.045025587,68055.8,0.00062224,buy
2026-02-22 06:48:51.045025826,68055.8,0.00010672,buy
2026-02-22 06:48:51.363410473,68055.8,1.783e-05,buy
2026-02-22 06:49:07.743386269,68055.8,0.00087545,buy
2026-02-22 06:49:07.743386269,68055.8,0.001,buy
2026-02-22 06:49:07.743386507,68055.8,0.00055354,buy
2026-02-22 06:49:07.743386507,68057.2,5.1e-05,buy
2026-02-22 06:49:07.743386507,68060.4,0.02123315,buy
2026-02-22 06:49:21.045619011,68060.4,1.448e-05,buy
2026-02-22 06:49:22.670664549,68060.4,0.00028668,buy
2026-02-22 06:49:29.914686203,68060.4,0.00040382,buy
2026-02-22 06:49:46.036856890,68060.4,0.00018095,buy
2026-02-22 06:50:10.766418934,68060.4,8.828e-05,buy
2026-02-22 06:50:44.033879042,68060.4,0.00014476,buy
2026-02-22 06:50:49.784170389,68060.3,0.00010216,sell
2026-02-22 06:50:54.069183111,68060.3,0.0001571,sell
2026-02-22 06:50:54.113227844,68060.3,0.00056077,sell
2026-02-22 06:50:54.570789337,68060.3,0.00136161,sell
2026-02-22 06:50:55.273170471,68060.3,0.00034508,sell
2026-02-22 06:51:03.763408661,68060.4,4.373e-05,buy
2026-02-22 06:51:03.763408661,68060.4,0.00098484,buy
2026-02-22 06:51:04.273168802,68060.4,0.01392924,buy
2026-02-22 06:51:04.450199604,68060.4,0.00586248,buy
2026-02-22 06:51:32.472615480,68060.4,0.00028809,buy
2026-02-22 06:52:14.632870436,68060.4,0.00203055,buy
2026-02-22 06:52:17.859545708,68060.4,1.978e-05,buy
2026-02-22 06:52:31.130456924,68060.3,0.0011465,sell
2026-02-22 06:52:31.130456924,68060.3,0.00776439,sell
2026-02-22 06:52:48.473193645,68060.4,1.43e-05,buy
2026-02-22 06:53:00.063243865,68060.3,0.00316891,sell
2026-02-22 06:53:45.114400387,68060.4,2.087e-05,buy
2026-02-22 06:53:47.694771528,68060.4,0.00137276,buy
2026-02-22 06:53:51.558658361,68060.3,0.04175288,sell
2026-02-22 06:53:51.558658361,68060.3,0.00367322,sell
2026-02-22 06:53:51.558658361,68060.3,0.00060397,sell
2026-02-22 06:53:51.558658361,68060.0,0.002985,sell
2026-02-22 06:53:52.178729773,68055.8,0.00108036,buy
2026-02-22 06:53:52.649458170,68055.8,0.00138885,buy
2026-02-22 06:54:01.856455088,68055.7,0.0001,sell
2026-02-22 06:54:01.856455088,68055.7,0.00367347,sell
2026-02-22 06:54:01.856455088,68055.7,0.00052785,sell
2026-02-22 06:54:17.748883009,68040.1,0.002338,buy
2026-02-22 06:54:21.663772345,68040.1,0.00133631,buy
2026-02-22 06:54:21.663772345,68040.1,0.001,buy
2026-02-22 06:54:21.663772345,68040.1,0.001,buy
2026-02-22 06:54:21.663772345,68040.1,0.02782677,buy
2026-02-22 06:54:21.663772345,68040.1,0.00168947,buy
2026-02-22 06:54:21.663772345,68040.2,5.1e-05,buy
2026-02-22 06:54:21.663772345,68041.5,0.0333221,buy
2026-02-22 06:54:38.242630720,68041.5,5.509e-05,buy
2026-02-22 06:54:41.133080959,68041.4,0.0014672,sell
2026-02-22 06:54:43.029755831,68041.5,0.00014612,buy
2026-02-22 06:54:48.999951363,68041.4,0.00220704,sell
2026-02-22 06:54:48.999951363,68041.4,0.00036327,sell
2026-02-22 06:54:48.999951363,68040.3,5.1e-05,sell
2026-02-22 06:54:48.999951363,68040.0,0.002987,sell
2026-02-22 06:54:48.999951363,68036.9,5.1e-05,sell
2026-02-22 06:54:48.999951363,68033.5,5.1e-05,sell
2026-02-22 06:54:48.999951363,68033.1,0.00078333,sell
2026-02-22 06:54:49.767387867,68033.6,0.00029683,sell
2026-02-22 06:54:52.027442694,68033.7,0.000182,buy
2026-02-22 06:54:52.820241928,68033.7,0.00028821,buy
2026-02-22 06:54:54.545951843,68033.6,5e-05,sell
2026-02-22 06:54:55.547004700,68033.7,0.00011657,buy
2026-02-22 06:54:56.031288624,68033.7,0.00072765,buy
2026-02-22 06:55:00.279751062,68033.7,0.00057926,buy
2026-02-22 06:55:00.756111860,68033.7,0.00045076,buy
2026-02-22 06:55:12.617103100,68033.7,0.0007536,buy
2026-02-22 06:55:17.113244057,68033.6,5.874e-05,sell
2026-02-22 06:55:17.290350914,68033.6,0.00039117,sell
2026-02-22 06:55:19.472137928,68033.7,0.00013996,buy
2026-02-22 06:55:25.299003601,68033.7,0.00061865,buy
2026-02-22 06:55:25.299003601,68033.7,0.00351605,buy
2026-02-22 06:55:53.201913357,68033.7,2.854e-05,buy
2026-02-22 06:56:02.503043413,68033.7,1.801e-05,buy
2026-02-22 06:56:22.367345810,68033.6,0.00028405,sell
2026-02-22 06:56:50.748707533,68033.6,2.567e-05,sell
2026-02-22 06:57:00.325894356,68033.6,0.0025682,sell
2026-02-22 06:57:00.325894356,68033.6,0.00858182,sell
2026-02-22 06:57:01.319312572,68033.6,0.00056557,sell
2026-02-22 06:57:01.912301779,68033.7,0.001,buy
2026-02-22 06:57:01.912301779,68033.7,0.001,buy
2026-02-22 06:57:01.912302017,68033.7,0.00316682,buy
2026-02-22 06:57:02.166187048,68033.7,0.00054807,buy
2026-02-22 06:57:06.983320951,68033.7,0.00115851,buy
2026-02-22 06:57:42.142368793,68033.7,0.00041846,buy
2026-02-22 06:57:42.914127350,68033.7,0.00029106,buy
2026-02-22 06:58:21.264782189,68033.6,5.1e-05,sell
2026-02-22 06:58:22.893972874,68033.7,0.00013404,buy
2026-02-22 06:58:24.002917528,68033.7,0.00107913,buy
2026-02-22 06:58:24.081695080,68033.7,0.00053076,buy
2026-02-22 06:58:27.251260996,68033.7,0.00846726,buy
2026-02-22 06:58:41.565804720,68033.6,0.00320843,sell
2026-02-22 06:58:41.780909061,68033.7,0.02445315,buy
2026-02-22 06:58:41.780909061,68033.7,0.00367466,buy
2026-02-22 06:58:41.780909061,68033.7,0.001,buy
2026-02-22 06:58:41.780909061,68033.7,0.001,buy
2026-02-22 06:58:41.780909061,68033.7,0.09,buy
2026-02-22 06:58:41.780909061,68033.7,1e-05,buy
2026-02-22 06:58:41.780909061,68033.7,0.00513,buy
2026-02-22 06:58:41.780909061,68033.7,0.02126519,buy
2026-02-22 06:58:55.541476488,68033.7,0.00011504,buy
2026-02-22 06:58:57.680510283,68033.6,0.00021282,sell
2026-02-22 06:58:59.031277657,68033.7,0.00046626,buy
2026-02-22 06:59:02.041353941,68033.7,0.00028963,buy
2026-02-22 06:59:03.029704332,68033.7,0.00014553,buy
2026-02-22 06:59:27.293858528,68033.7,0.00014305,buy
2026-02-22 06:59:45.058359861,68033.6,6.447e-05,sell
2026-02-22 06:59:45.379676104,68033.7,3.211e-05,buy
2026-02-22 07:00:00.077894926,68033.7,0.00434441,buy
2026-02-22 07:00:00.169654608,68033.7,0.0001441,buy
2026-02-22 07:00:00.181027174,68033.7,1.448e-05,buy
2026-02-22 07:00:00.233701944,68033.7,1.448e-05,buy
2026-02-22 07:00:00.262739658,68033.7,0.00029251,buy
2026-02-22 07:00:00.291615009,68033.7,0.00073127,buy
2026-02-22 07:00:02.468102694,68033.7,0.00013569,buy
2026-02-22 07:00:05.969404936,68033.7,0.00144104,buy
2026-02-22 07:00:06.369236469,68033.6,0.000117,sell
2026-02-22 07:00:07.242448092,68033.7,0.0001441,buy
2026-02-22 07:00:07.703642845,68033.7,0.00144104,buy
2026-02-22 07:00:15.150946856,68033.6,0.00355766,sell
2026-02-22 07:00:15.150946856,68033.6,0.00043772,sell
2026-02-22 07:00:15.150946856,68033.6,0.01876751,sell
2026-02-22 07:00:15.150946856,68033.5,5.1e-05,sell
2026-02-22 07:00:15.225951195,68026.6,0.02592059,sell
2026-02-22 07:00:15.225951195,68026.6,0.00367504,sell
2026-02-22 07:00:21.679770947,68020.0,0.002988,sell
2026-02-22 07:00:21.679770947,68020.0,0.00367539,sell
2026-02-22 07:00:21.679770947,68020.0,0.00034235,sell
2026-02-22 07:00:21.679770947,68019.8,5.1e-05,sell
2026-02-22 07:00:21.679770947,68016.4,5.1e-05,sell
2026-02-22 07:00:21.720662355,68009.5,0.08,sell
2026-02-22 07:00:21.720662355,68009.5,0.00367596,sell
2026-02-22 07:00:21.720662355,68003.1,0.05416185,sell
2026-02-22 07:00:22.033007860,68000.1,4.347e-05,buy
2026-02-22 07:00:23.351949215,68000.1,0.00036747,buy
2026-02-22 07:00:24.033326149,68000.1,7.244e-05,buy
2026-02-22 07:00:35.780088902,68000.0,0.00235293,sell
2026-02-22 07:00:44.040127277,68000.1,0.00032761,buy
2026-02-22 07:00:45.032481431,68000.1,7.316e-05,buy
2026-02-22 07:00:46.040819645,68000.1,2.177e-05,buy
2026-02-22 07:00:50.943295002,68000.1,0.00072443,buy
2026-02-22 07:00:57.042065859,68000.1,0.00145603,buy
2026-02-22 07:00:57.080658913,68000.0,0.00279413,sell
2026-02-22 07:00:57.080658913,68000.0,0.015,sell
2026-02-22 07:00:57.080658913,68000.0,0.002989,sell
2026-02-22 07:00:57.080658913,68000.0,0.00367647,sell
2026-02-22 07:00:57.080658913,68000.0,7.647e-05,sell
2026-02-22 07:00:57.097527742,68000.0,0.00028232,sell
2026-02-22 07:00:57.097527742,67999.4,5.1e-05,sell
2026-02-22 07:00:57.114335537,68000.0,0.00367647,sell
2026-02-22 07:00:57.114335537,67996.0,5.1e-05,sell
2026-02-22 07:00:57.144012690,67989.2,5.1e-05,sell
2026-02-22 07:00:57.206949711,67980.0,0.00299,sell
2026-02-22 07:00:57.206949711,67980.0,0.00367756,sell
2026-02-22 07:00:57.206949949,67979.9,0.07281564,sell
2026-02-22 07:00:57.206949949,67979.4,0.05418073,sell
2026-02-22 07:00:59.046013832,67974.1,2.178e-05,buy
2026-02-22 07:01:04.241250038,67974.1,0.00045647,buy
2026-02-22 07:01:06.383891582,67974.1,0.00054353,buy
2026-02-22 07:01:06.383891582,67974.1,3.339e-05,buy
2026-02-22 07:01:10.032888412,67974.1,1.457e-05,buy
2026-02-22 07:01:18.826987982,67974.1,0.00013514,buy
2026-02-22 07:01:22.753128767,67974.1,0.0008169,buy
2026-02-22 07:01:22.753128767,67974.1,0.0004717,buy
2026-02-22 07:01:28.265025616,67974.0,0.00367788,sell
2026-02-22 07:01:28.265025616,67974.0,0.05529314,sell
2026-02-22 07:01:29.074832201,67974.0,1.466e-05,sell
2026-02-22 07:01:32.474727392,67974.1,0.00060318,buy
2026-02-22 07:01:32.474727392,67974.1,0.001,buy
2026-02-22 07:01:32.474727392,67974.1,0.03866711,buy
2026-02-22 07:01:32.474727392,67974.1,0.001,buy
2026-02-22 07:01:34.796732664,67999.0,0.00068539,buy
2026-02-22 07:01:42.764018774,67999.0,2.863e-05,buy
2026-02-22 07:01:47.652483940,67999.0,0.00072266,buy
2026-02-22 07:01:48.034005165,67999.0,0.00043681,buy
2026-02-22 07:01:58.448079109,67999.0,0.0005353,buy
2026-02-22 07:02:03.665845871,67999.0,0.00072956,buy
2026-02-22 07:02:26.019900084,67999.0,0.00053827,buy
2026-02-22 07:02:26.019900084,67999.0,0.00039556,buy
2026-02-22 07:02:45.564759493,67999.0,0.000337,buy
2026-02-22 07:02:47.581251144,67999.0,0.00026744,buy
2026-02-22 07:02:47.581251144,67999.0,0.001,buy
2026-02-22 07:02:47.581251144,67999.0,0.00367653,buy
2026-02-22 07:02:47.581251144,67999.3,5.1e-05,buy
2026-02-22 07:02:47.581251144,68000.0,0.002987,buy
2026-02-22 07:02:47.581251144,68002.7,5.1e-05,buy
2026-02-22 07:02:47.581251383,68006.1,5.1e-05,buy
2026-02-22 07:02:47.581251383,68009.5,5.1e-05,buy
2026-02-22 07:02:47.581251383,68016.1,0.02237844,buy
2026-02-22 07:03:05.432540655,68016.0,0.00367572,buy
2026-02-22 07:03:05.432540655,68016.0,0.001,buy
2026-02-22 07:03:05.432540655,68016.0,0.001,buy
2026-02-22 07:03:05.432540655,68016.0,0.00572328,buy
2026-02-22 07:03:12.031447649,68016.0,0.00014414,buy
2026-02-22 07:03:13.848559380,68016.0,0.00043242,buy
2026-02-22 07:03:28.579686880,68016.0,0.00688429,buy
2026-02-22 07:03:31.039217472,68015.9,0.000442,sell
2026-02-22 07:03:33.321104527,68015.9,0.00202243,sell
2026-02-22 07:03:42.158354759,68016.0,0.00042927,buy
2026-02-22 07:03:43.673660517,68015.9,0.00121119,sell
2026-02-22 07:03:43.673660517,68015.9,0.0003386,sell
2026-02-22 07:03:43.673660517,68013.0,5.1e-05,sell
2026-02-22 07:03:43.673660517,68009.6,5.1e-05,sell
2026-02-22 07:03:43.673660517,68006.2,5.1e-05,sell
2026-02-22 07:03:43.673660517,68002.8,5.1e-05,sell
2026-02-22 07:03:43.673660517,67996.0,0.0005124,sell
2026-02-22 07:03:55.346393108,67998.6,0.02890651,buy
2026-02-22 07:03:59.241662502,67998.5,0.00153172,sell
2026-02-22 07:04:00.487042904,67998.6,0.0740583,buy
2026-02-22 07:04:00.487042904,67998.6,0.001,buy
2026-02-22 07:04:00.487042904,67998.6,0.001,buy
2026-02-22 07:04:00.487042904,67998.6,0.00514,buy
2026-02-22 07:04:00.487042904,67999.3,5.1e-05,buy
2026-02-22 07:04:02.140444994,68001.9,0.0020869,buy
2026-02-22 07:04:02.449456215,68001.8,0.00220407,sell
2026-02-22 07:04:06.675215244,68001.8,0.00113396,sell
2026-02-22 07:04:21.733740807,68001.9,0.00158961,buy
2026-02-22 07:04:21.733740807,68001.9,0.00013798,buy
2026-02-22 07:04:24.770920277,68001.8,7.481e-05,sell
2026-02-22 07:04:28.765319109,68001.9,0.00086202,buy
2026-02-22 07:04:28.765319347,68001.9,0.001,buy
2026-02-22 07:04:28.765319347,68001.9,0.00107794,buy
2026-02-22 07:04:49.669657707,68001.9,0.00034077,buy
2026-02-22 07:04:52.134505749,68001.9,0.00145568,buy
2026-02-22 07:04:53.186344385,68001.9,0.0002881,buy
2026-02-22 07:05:46.243275642,68001.9,0.00051388,buy
2026-02-22 07:05:46.243275642,68001.9,0.00023512,buy
2026-02-22 07:06:13.954121113,68001.9,0.00076488,buy
2026-02-22 07:06:13.954121113,68001.9,0.001,buy
2026-02-22 07:06:13.954121113,68001.9,0.00947712,buy
2026-02-22 07:06:19.033445358,68001.9,0.00865028,buy
2026-02-22 07:06:28.028718233,68001.9,0.0001341,buy
2026-02-22 07:06:29.201147318,68001.8,0.00026354,sell
2026-02-22 07:06:29.201147556,68001.8,0.00013644,sell
2026-02-22 07:06:41.303981781,68001.9,0.00011957,buy
2026-02-22 07:06:49.151068926,68001.8,0.00018214,sell
2026-02-22 07:06:49.306397676,68001.8,0.00369152,sell
2026-02-22 07:07:10.797591925,68001.8,0.00010891,sell
2026-02-22 07:07:12.005552053,68001.9,0.00017235,buy
2026-02-22 07:07:28.560962677,68001.9,0.00033823,buy
2026-02-22 07:07:33.985655785,68001.9,0.02236599,buy
2026-02-22 07:07:33.985655785,68001.9,0.00367637,buy
2026-02-22 07:07:33.985655785,68001.9,0.001,buy
2026-02-22 07:07:33.985655785,68001.9,0.001,buy
2026-02-22 07:07:33.985655785,68002.7,5.1e-05,buy
2026-02-22 07:07:33.985656023,68006.1,5.1e-05,buy
2026-02-22 07:07:33.985656023,68009.5,5.1e-05,buy
2026-02-22 07:07:33.985656023,68009.8,0.04622248,buy
2026-02-22 07:07:49.751175165,68009.8,0.00017389,buy
2026-02-22 07:07:58.429791689,68009.8,0.00072077,buy
2026-02-22 07:07:58.993724346,68009.8,0.00206239,buy
2026-02-22 07:08:05.113931894,68009.8,0.0007189,buy
2026-02-22 07:08:05.113931894,68009.8,0.00045622,buy
2026-02-22 07:08:09.722687244,68009.7,0.00013509,sell
2026-02-22 07:08:16.651487350,68009.8,0.00037182,buy
2026-02-22 07:08:48.565052509,68009.8,0.00017196,buy
2026-02-22 07:08:48.565052509,68009.8,0.00051383,buy
2026-02-22 07:08:50.046349049,68009.8,0.0001456,buy
2026-02-22 07:08:50.466162920,68009.8,0.00020047,buy
2026-02-22 07:08:57.502043247,68009.7,0.00354086,sell
2026-02-22 07:08:57.502043486,68009.7,0.01010997,sell
2026-02-22 07:08:57.502043486,68009.6,5.1e-05,sell
2026-02-22 07:08:58.970048428,68000.0,0.00081584,sell
2026-02-22 07:09:01.987195492,68000.1,0.00028831,buy
2026-02-22 07:09:16.538390160,68000.0,0.00102101,sell
2026-02-22 07:09:29.009467125,68000.0,0.00147998,sell
2026-02-22 07:09:30.032891035,68000.1,0.00144175,buy
2026-02-22 07:09:32.108666897,68000.0,0.00022478,sell
2026-02-22 07:09:53.761107206,68000.1,0.00013411,buy
2026-02-22 07:09:57.054280519,68000.0,0.03312778,sell
2026-02-22 07:10:03.022493362,68000.0,0.00036509,sell
2026-02-22 07:10:06.611095428,68000.1,0.00026106,buy
2026-02-22 07:10:34.082963467,68000.0,0.0001,sell
2026-02-22 07:10:36.665597677,68000.0,0.00031562,sell
2026-02-22 07:10:49.038519621,68000.1,1.679e-05,buy
2026-02-22 07:10:55.231354713,68000.0,0.00169915,sell
2026-02-22 07:11:00.442873001,68000.1,0.00145603,buy
2026-02-22 07:11:08.179525614,68000.1,1.665e-05,buy
2026-02-22 07:11:19.056685686,68000.1,3.379e-05,buy
2026-02-22 07:11:37.033054352,68000.1,0.00028977,buy
2026-02-22 07:11:51.575147152,68000.1,2.652e-05,buy
2026-02-22 07:11:51.575147152,68000.1,0.00010857,buy
2026-02-22 07:11:52.033520699,68000.1,1.442e-05,buy
2026-02-22 07:11:53.358378649,68000.1,0.00080795,buy
2026-02-22 07:12:13.972840309,68000.1,6.906e-05,buy
2026-02-22 07:12:13.972840309,68000.1,0.00012012,buy
2026-02-22 07:12:28.037961960,68000.1,0.00033823,buy
2026-02-22 07:12:28.701307058,68000.1,0.00054165,buy
2026-02-22 07:12:28.701307058,68000.1,0.00100215,buy
2026-02-22 07:12:28.701307058,68000.1,0.02833935,buy
2026-02-22 07:12:45.089281559,68000.1,0.01514295,buy
2026-02-22 07:12:45.089281559,68000.1,0.03078347,buy
2026-02-22 07:12:45.089281559,68000.1,0.00367647,buy
2026-02-22 07:12:45.089281559,68000.1,0.001,buy
2026-02-22 07:12:45.089281559,68000.1,0.001,buy
2026-02-22 07:12:45.089281559,68002.7,5.1e-05,buy
2026-02-22 07:12:45.089281559,68006.1,5.1e-05,buy
2026-02-22 07:12:45.089281797,68009.5,5.1e-05,buy
2026-02-22 07:12:45.089281797,68009.5,0.00183797,buy
2026-02-22 07:12:45.089281797,68011.5,0.01993544,buy
2026-02-22 07:13:04.454134464,68006.6,0.00367612,sell
2026-02-22 07:13:04.454134464,68006.6,0.00048173,sell
2026-02-22 07:13:04.454134464,68006.6,0.1896065,sell
2026-02-22 07:13:04.454134464,68006.6,0.00735222,sell
2026-02-22 07:13:04.454134464,68006.6,0.83008543,sell
2026-02-22 07:13:04.454134464,68006.2,5.1e-05,sell
2026-02-22 07:13:04.454134464,68004.3,0.01842986,sell
2026-02-22 07:13:04.454134464,68004.2,0.97956574,sell
2026-02-22 07:13:11.288406372,68006.6,2.817e-05,sell
